built,n,p,n_ryhma
3.5.0,6,0.047619047619047616,126
3.5.1,88,0.6984126984126984,126
3.5.2,32,0.25396825396825395,126
